{
  "Open opencart.abstracta.us HomePage" : {
    "transaction" : "Open opencart.abstracta.us HomePage",
    "sampleCount" : 100,
    "errorCount" : 0,
    "errorPct" : 0.0,
    "meanResTime" : 306.1000000000001,
    "medianResTime" : 265.0,
    "minResTime" : 248.0,
    "maxResTime" : 1055.0,
    "pct1ResTime" : 331.40000000000003,
    "pct2ResTime" : 841.3999999999942,
    "pct3ResTime" : 1054.2999999999997,
    "throughput" : 13.014055179593962,
    "receivedKBytesPerSec" : 61.93304980316241,
    "sentKBytesPerSec" : 6.738967538066111
  },
  "Total" : {
    "transaction" : "Total",
    "sampleCount" : 100,
    "errorCount" : 0,
    "errorPct" : 0.0,
    "meanResTime" : 306.1000000000001,
    "medianResTime" : 265.0,
    "minResTime" : 248.0,
    "maxResTime" : 1055.0,
    "pct1ResTime" : 331.40000000000003,
    "pct2ResTime" : 841.3999999999942,
    "pct3ResTime" : 1054.2999999999997,
    "throughput" : 13.014055179593962,
    "receivedKBytesPerSec" : 61.93304980316241,
    "sentKBytesPerSec" : 6.738967538066111
  }
}