{
  "Open opencart.abstracta.us HomePage" : {
    "transaction" : "Open opencart.abstracta.us HomePage",
    "sampleCount" : 100,
    "errorCount" : 0,
    "errorPct" : 0.0,
    "meanResTime" : 303.1799999999999,
    "medianResTime" : 268.0,
    "minResTime" : 249.0,
    "maxResTime" : 1195.0,
    "pct1ResTime" : 285.9,
    "pct2ResTime" : 860.5499999999934,
    "pct3ResTime" : 1192.3899999999987,
    "throughput" : 13.152702880441932,
    "receivedKBytesPerSec" : 62.59286527522031,
    "sentKBytesPerSec" : 6.8107624046429045
  },
  "Total" : {
    "transaction" : "Total",
    "sampleCount" : 100,
    "errorCount" : 0,
    "errorPct" : 0.0,
    "meanResTime" : 303.1799999999999,
    "medianResTime" : 268.0,
    "minResTime" : 249.0,
    "maxResTime" : 1195.0,
    "pct1ResTime" : 285.9,
    "pct2ResTime" : 860.5499999999934,
    "pct3ResTime" : 1192.3899999999987,
    "throughput" : 13.152702880441932,
    "receivedKBytesPerSec" : 62.59286527522031,
    "sentKBytesPerSec" : 6.8107624046429045
  }
}