{
  "Total" : {
    "transaction" : "Total",
    "sampleCount" : 1,
    "errorCount" : 0,
    "errorPct" : 0.0,
    "meanResTime" : 456.0,
    "medianResTime" : 456.0,
    "minResTime" : 456.0,
    "maxResTime" : 456.0,
    "pct1ResTime" : 456.0,
    "pct2ResTime" : 456.0,
    "pct3ResTime" : 456.0,
    "throughput" : 2.1929824561403506,
    "receivedKBytesPerSec" : 4.908511513157895,
    "sentKBytesPerSec" : 0.32980400219298245
  },
  "HTTP Request" : {
    "transaction" : "HTTP Request",
    "sampleCount" : 1,
    "errorCount" : 0,
    "errorPct" : 0.0,
    "meanResTime" : 456.0,
    "medianResTime" : 456.0,
    "minResTime" : 456.0,
    "maxResTime" : 456.0,
    "pct1ResTime" : 456.0,
    "pct2ResTime" : 456.0,
    "pct3ResTime" : 456.0,
    "throughput" : 2.1929824561403506,
    "receivedKBytesPerSec" : 4.908511513157895,
    "sentKBytesPerSec" : 0.32980400219298245
  }
}